{
  "provider": "deepgram",
  "language": "ne_np",
  "n_total": 25,
  "n_succeeded": 25,
  "n_errored": 0,
  "errors": [],
  "wer": 1.0836206375324025,
  "cer": 0.4158588297239995,
  "wer_ci": {
    "point": 1.0836206375324025,
    "lower": 0.9957646596867186,
    "upper": 1.1753374305433129,
    "confidence": 0.95
  },
  "cer_ci": {
    "point": 0.4158588297239995,
    "lower": 0.36960910814478587,
    "upper": 0.4623737699234313,
    "confidence": 0.95
  }
}