{
  "provider": "deepgram",
  "language": "en_us",
  "n_total": 25,
  "n_succeeded": 25,
  "n_errored": 0,
  "errors": [],
  "wer": 0.08568100652432326,
  "cer": 0.03707854979181991,
  "wer_ci": {
    "point": 0.08568100652432326,
    "lower": 0.04499719050299548,
    "upper": 0.13586159943278328,
    "confidence": 0.95
  },
  "cer_ci": {
    "point": 0.03707854979181991,
    "lower": 0.014056480673641635,
    "upper": 0.06629043750305197,
    "confidence": 0.95
  }
}