{
  "provider": "deepgram",
  "language": "hi_in",
  "n_total": 25,
  "n_succeeded": 25,
  "n_errored": 0,
  "errors": [],
  "wer": 0.16508224633604984,
  "cer": 0.08309935506285747,
  "wer_ci": {
    "point": 0.16508224633604984,
    "lower": 0.12414981317815077,
    "upper": 0.20780457842609512,
    "confidence": 0.95
  },
  "cer_ci": {
    "point": 0.08309935506285747,
    "lower": 0.05418632826228093,
    "upper": 0.11645698202369154,
    "confidence": 0.95
  }
}