{
  "provider": "groq_whisper",
  "language": "hi_in",
  "n_total": 25,
  "n_succeeded": 25,
  "n_errored": 0,
  "errors": [],
  "wer": 0.28593583892438024,
  "cer": 0.08182410372134129,
  "wer_ci": {
    "point": 0.28593583892438024,
    "lower": 0.22801910999523714,
    "upper": 0.33855873203618825,
    "confidence": 0.95
  },
  "cer_ci": {
    "point": 0.08182410372134129,
    "lower": 0.06271705664265297,
    "upper": 0.09955865020155003,
    "confidence": 0.95
  }
}