{
  "provider": "groq_whisper",
  "language": "ne_np",
  "n_total": 25,
  "n_succeeded": 25,
  "n_errored": 0,
  "errors": [],
  "wer": 0.962551412639648,
  "cer": 0.31071817461884765,
  "wer_ci": {
    "point": 0.962551412639648,
    "lower": 0.8277194374253197,
    "upper": 1.0926480512951102,
    "confidence": 0.95
  },
  "cer_ci": {
    "point": 0.31071817461884765,
    "lower": 0.2441192179022047,
    "upper": 0.3967796904172038,
    "confidence": 0.95
  }
}